{"client_meta":{"background_color":{"r":0.8980392217636108,"g":0.8980392217636108,"b":0.8980392217636108,"a":1},"thumbnail_size":{"width":235,"height":400},"render_coordinates":{"x":-410,"y":-302,"width":4733,"height":8068}},"file_name":"Beauty","developer_related_links":[]}